seed,mechanism,task_count,successes,failures,retries,sla_success,buyer_payment,welfare
42,edgetruth,300,298,19,17,298,7501.975706903019,98108.10351738767
43,edgetruth,300,293,52,45,293,8790.149853774132,128387.71671137685
44,edgetruth,300,295,40,35,295,8350.409526632464,128500.82341535394
45,edgetruth,300,296,23,19,296,6473.939715746171,132644.72257836984
46,edgetruth,300,298,31,29,298,6177.023568881507,131023.51600289199
47,edgetruth,300,299,8,7,299,4826.37637239504,134312.69716729815
48,edgetruth,300,299,19,18,299,6859.050998364196,132679.68908693187
49,edgetruth,300,295,28,23,295,7120.920245063134,131534.23857386818
50,edgetruth,300,297,35,32,297,6978.511598444748,131603.57424291616
51,edgetruth,300,299,5,4,299,2957.0352297957093,135615.8996044219
52,edgetruth,300,292,52,44,292,7754.2805395328105,131501.5607708385
53,edgetruth,300,297,22,19,297,9736.5802670671,129352.15361422312
54,edgetruth,300,295,28,23,295,7245.423669389664,129498.35671745751
55,edgetruth,300,298,20,18,298,6028.5459537106535,131694.2409088902
56,edgetruth,300,293,49,42,293,10274.547265243355,127608.22993181791
57,edgetruth,300,298,19,17,298,8214.928802961069,129625.49234919545
58,edgetruth,300,298,20,18,298,8597.303577227281,131435.3675842665
59,edgetruth,300,298,12,10,298,6723.913918388168,132929.5487095283
60,edgetruth,300,300,5,5,300,4053.9270192237,134919.7209429884
61,edgetruth,300,295,36,31,295,5861.880671305393,133163.20715061846
62,edgetruth,300,297,22,19,297,9473.650103611677,127556.5615047535
63,edgetruth,300,299,30,29,299,6393.905342889994,132568.02868885754
64,edgetruth,300,299,9,8,299,3603.1760275599427,132575.23732155605
65,edgetruth,300,299,10,9,299,8285.22925529058,130453.6496888839
66,edgetruth,300,296,30,26,296,8291.983478271834,129996.27259498273
67,edgetruth,300,296,17,13,296,5470.490090999227,132403.2569803133
68,edgetruth,300,298,14,12,298,9423.83663072452,128565.50569657296
69,edgetruth,300,298,35,33,298,7857.825676175029,128471.32300086909
70,edgetruth,300,296,27,23,296,6380.256596106954,131818.32773308316
71,edgetruth,300,294,33,27,294,6421.748729814839,129183.43223090356
42,greedy,300,299,16,15,299,5247.758339873346,134066.07180390213
43,greedy,300,285,78,63,285,3690.666876769251,130435.53121720237
44,greedy,300,296,55,51,296,2971.7028449546356,134459.68699808267
45,greedy,300,295,46,41,295,3024.0783334668236,135228.7569846598
46,greedy,300,298,41,39,298,3169.438712381527,100765.20975983546
47,greedy,300,300,34,34,300,4478.822083402443,134672.4051268782
48,greedy,300,293,69,62,293,5656.254964933552,99747.22195831196
49,greedy,300,290,76,66,290,3202.604974407527,134666.2880739803
50,greedy,300,293,73,66,293,4869.125202543446,127755.76795223287
51,greedy,300,299,14,13,299,2768.0818234715653,135768.60939633043
52,greedy,300,287,59,46,287,3359.716491455782,133901.53235473525
53,greedy,300,297,28,25,297,8677.028119573379,129024.43219507636
54,greedy,300,296,16,12,296,2732.815550429746,135516.11577645602
55,greedy,300,299,21,20,299,3111.593365289248,135502.2384763658
56,greedy,300,292,37,29,292,4254.061423342704,131044.35031461692
57,greedy,300,299,41,40,299,6417.993077090084,132822.4549815719
58,greedy,300,294,79,73,294,5690.896014916947,128118.54189407955
59,greedy,300,288,66,54,288,5661.82602205177,132665.98704822888
60,greedy,300,299,22,21,299,2923.808498991764,135597.80554082626
61,greedy,300,292,52,44,292,3715.088039128846,102939.04717391025
62,greedy,300,295,39,34,295,5583.270321786833,129211.50029216215
63,greedy,300,294,52,46,294,3090.163604221932,135192.02633492614
64,greedy,300,294,59,53,294,2378.3492223712137,129383.70483167264
65,greedy,300,299,63,62,299,3338.858991094246,109137.31800200974
66,greedy,300,296,21,17,296,3262.4200090625086,134227.39962179543
67,greedy,300,298,57,55,298,3795.329679686081,134976.37018552382
68,greedy,300,293,45,38,293,6701.307055099358,132735.15390990453
69,greedy,300,299,6,5,299,2681.41613552056,132465.67575879945
70,greedy,300,297,22,19,297,4307.520461744955,133146.59638539708
71,greedy,300,298,22,20,298,3953.3669805583754,133991.79452448015
