seed,mechanism,node_id,cost_regret,rel_regret,joint_regret,truthful_util
48,greedy,node-000,0.0,0.0,0.0,0.0
48,greedy,node-001,0.0,0.0,0.0,0.0
48,greedy,node-002,0.0,0.0,0.0,0.0
48,trust_vcg,node-000,0.0,0.0,414.5029839538371,0.0
48,trust_vcg,node-001,0.0,0.0,0.0,0.0
48,trust_vcg,node-002,346.23762405937504,346.23762405937504,850.1726702417368,-346.23762405937504
48,contingent,node-000,0.0,0.0,0.0,0.0
48,contingent,node-001,0.0,0.0,0.0,0.0
48,contingent,node-002,0.0,221.98714536201857,236.56808335891407,6.276859111527585
48,capped,node-000,0.0,0.0,0.0,0.0
48,capped,node-001,0.0,0.0,0.0,0.0
48,capped,node-002,7.370397459309551,371.3197770002611,662.9565240147915,36.213780932011964
48,proper_scoring,node-000,0.0,0.0,414.5029839538371,0.0
48,proper_scoring,node-001,0.0,0.0,0.0,0.0
48,proper_scoring,node-002,2370.632775075911,1574.5016285329214,8739.696018888628,153.76237594062485
48,audits,node-000,0.0,0.0,414.5029839538371,0.0
48,audits,node-001,0.0,0.0,0.0,0.0
48,audits,node-002,1728.7636206623376,1453.771181991648,7795.40792900618,153.76237594062485
44,greedy,node-000,0.0,0.0,0.0,0.0
44,greedy,node-001,0.0,0.0,0.0,0.0
44,greedy,node-002,0.0,0.0,0.0,0.0
44,trust_vcg,node-000,0.0,0.0,0.0,0.0
44,trust_vcg,node-001,0.0,0.0,567.6089075133102,0.0
44,trust_vcg,node-002,0.0,0.0,0.0,0.0
44,contingent,node-000,0.0,0.0,0.0,0.0
44,contingent,node-001,0.0,0.0,87.16389240912923,0.0
44,contingent,node-002,0.0,0.0,0.0,0.0
44,capped,node-000,0.0,0.0,0.0,0.0
44,capped,node-001,0.0,0.0,87.16389240912923,0.0
44,capped,node-002,0.0,0.0,0.0,0.0
44,proper_scoring,node-000,0.0,0.0,0.0,0.0
44,proper_scoring,node-001,0.0,0.0,2348.458270345796,0.0
44,proper_scoring,node-002,0.0,0.0,0.0,0.0
44,audits,node-000,0.0,0.0,0.0,0.0
44,audits,node-001,0.0,0.0,2272.455221364966,0.0
44,audits,node-002,0.0,0.0,0.0,0.0
50,greedy,node-000,0.0,0.0,0.0,0.0
50,greedy,node-001,2.817651925139055,0.0,2.817651925139055,0.0
50,greedy,node-002,0.0,0.0,0.0,0.0
50,trust_vcg,node-000,0.0,0.0,239.06172141000292,0.0
50,trust_vcg,node-001,0.0,0.0,0.0,0.0
50,trust_vcg,node-002,0.0,0.0,944.3548324885778,0.0
50,contingent,node-000,0.0,0.0,70.9125417384952,0.0
50,contingent,node-001,0.0,128.780942140539,128.780942140539,0.0
50,contingent,node-002,0.0,0.0,0.0,0.0
50,capped,node-000,0.0,0.0,271.770874282269,0.0
50,capped,node-001,0.0,294.2621694486805,657.0637118159627,0.0
50,capped,node-002,0.0,0.0,0.0,0.0
50,proper_scoring,node-000,0.0,0.0,2754.143817413767,0.0
50,proper_scoring,node-001,510.3353779568359,755.152609020705,5924.415683201618,0.0
50,proper_scoring,node-002,0.0,0.0,944.3548324885778,0.0
50,audits,node-000,0.0,0.0,2675.822779647641,0.0
50,audits,node-001,0.0,744.2621694486807,4107.063711815962,0.0
50,audits,node-002,0.0,0.0,944.3548324885778,0.0
56,greedy,node-000,0.0,0.0,0.0,0.0
56,greedy,node-001,0.0,0.0,0.0,0.0
56,greedy,node-002,214.60096254296917,0.0,214.60096254296917,0.0
56,trust_vcg,node-000,0.0,0.0,0.0,0.0
56,trust_vcg,node-001,0.0,0.0,0.0,0.0
56,trust_vcg,node-002,1257.2653328317172,696.8030701430891,1273.7573882730833,-696.8030701430891
56,contingent,node-000,0.0,0.0,0.0,0.0
56,contingent,node-001,0.0,0.0,0.0,0.0
56,contingent,node-002,80.12359105043609,501.747218679307,2368.3488271058777,62.34465709190169
56,capped,node-000,0.0,0.0,0.0,0.0
56,capped,node-001,0.0,0.0,0.0,0.0
56,capped,node-002,34.850792154423544,989.1878985510497,2937.717884500788,107.61745598791424
56,proper_scoring,node-000,0.0,0.0,0.0,0.0
56,proper_scoring,node-001,0.0,0.0,0.0,0.0
56,proper_scoring,node-002,433.65227054807065,8007.691894474085,8347.392665035783,806.3999812971174
56,audits,node-000,0.0,0.0,0.0,0.0
56,audits,node-001,0.0,0.0,0.0,0.0
56,audits,node-002,83.6577246878777,5343.60842468205,6590.740755234814,803.1969298569109
49,greedy,node-000,0.0,0.0,0.0,0.0
49,greedy,node-001,0.0,0.0,0.0,0.0
49,greedy,node-002,0.0,0.0,0.0,0.0
49,trust_vcg,node-000,1059.5162205211964,1601.1571423048895,1682.6548786529047,887.4847058865881
49,trust_vcg,node-001,0.0,0.0,42.274261735323186,0.0
49,trust_vcg,node-002,0.0,0.0,90.80561681996392,0.0
49,contingent,node-000,0.0,598.5297527796104,630.0274891276256,340.1120954118674
49,contingent,node-001,0.0,0.0,0.0,0.0
49,contingent,node-002,0.0,288.1212456224802,552.1039284431744,0.0
49,capped,node-000,0.0,598.5297527796104,630.0274891276256,340.1120954118674
49,capped,node-001,0.0,0.0,0.0,0.0
49,capped,node-002,0.0,1277.631429894696,1488.468598898951,0.0
49,proper_scoring,node-000,2302.8388714445427,1601.1571423048895,3684.469258254606,887.4847058865881
49,proper_scoring,node-001,0.0,0.0,542.2742617353233,0.0
49,proper_scoring,node-002,1119.7689932858011,2427.631429894697,4961.198341569255,0.0
49,audits,node-000,2301.6151936557126,1601.1571423048895,3493.6176327589646,887.4847058865881
49,audits,node-001,0.0,0.0,542.2742617353233,0.0
49,audits,node-002,119.76899328580103,1927.6314298946963,4455.976107211464,0.0
53,greedy,node-000,0.0,0.0,0.0,0.0
53,greedy,node-001,0.0,0.0,0.0,0.0
53,greedy,node-002,543.9854957010768,0.0,543.9854957010768,0.0
53,trust_vcg,node-000,0.0,0.0,291.80200935597486,0.0
53,trust_vcg,node-001,0.0,0.0,0.0,0.0
53,trust_vcg,node-002,7.9498119017151225,1218.1540244170803,2081.348941750126,-7.9498119017151225
53,contingent,node-000,0.0,0.0,41.80200935597484,0.0
53,contingent,node-001,0.0,0.0,0.0,0.0
53,contingent,node-002,84.12296865118623,1106.1442387520954,1197.8896499237114,264.78706236163674
53,capped,node-000,0.0,0.0,41.80200935597484,0.0
53,capped,node-001,0.0,0.0,0.0,0.0
53,capped,node-002,120.21107785430297,1501.0647133412613,1501.0647133412613,409.13949917410343
53,proper_scoring,node-000,0.0,0.0,3292.782989617443,0.0
53,proper_scoring,node-001,0.0,0.0,0.0,0.0
53,proper_scoring,node-002,509.8100959724686,5786.396701332912,6078.570938477334,1492.050188098285
53,audits,node-000,0.0,0.0,3220.0226624587162,0.0
53,audits,node-001,0.0,0.0,0.0,0.0
53,audits,node-002,992.0950897341387,5218.15402441708,6284.077469106231,992.050188098285
45,greedy,node-000,1855.1438446164616,0.0,1855.1438446164616,618.3812815388205
45,greedy,node-001,0.0,0.0,0.0,0.0
45,greedy,node-002,0.0,0.0,0.0,0.0
45,trust_vcg,node-000,14262.858680716627,17967.042811060215,18281.979225128907,-18211.188198163683
45,trust_vcg,node-001,770.456753517408,1154.819298749809,2752.944897620424,0.0
45,trust_vcg,node-002,0.0,0.0,0.0,0.0
45,contingent,node-000,406.57056952025135,0.0,1333.0194673849319,111.17500410488803
45,contingent,node-001,126.20482468745222,504.8192987498088,900.0439145212597,0.0
45,contingent,node-002,0.0,763.8317037495991,1629.7684413870195,0.0
45,capped,node-000,403.4755405951048,46.648245476139095,1901.7920900926006,571.7330360626814
45,capped,node-001,126.20482468745222,504.8192987498088,900.0439145212597,0.0
45,capped,node-002,0.0,1792.2856743953223,2770.411957993574,0.0
45,proper_scoring,node-000,0.0,1079.4106789557418,2419.88919623947,6309.3652156986645
45,proper_scoring,node-001,1707.626784388151,1154.819298749809,3571.789604573667,0.0
45,proper_scoring,node-002,0.0,4817.428973329084,5162.641240963294,0.0
45,audits,node-000,0.0,0.0,0.0,5288.811801836298
45,audits,node-001,1707.3429556509261,1154.819298749809,3571.789604573667,0.0
45,audits,node-002,0.0,3317.4289733290834,4523.730244950808,0.0
51,greedy,node-000,0.0,0.0,0.0,0.0
51,greedy,node-001,1898.928356423133,0.0,1898.928356423133,715.6000783635675
51,greedy,node-002,0.0,0.0,0.0,0.0
51,trust_vcg,node-000,0.0,0.0,0.0,0.0
51,trust_vcg,node-001,1959.9707993744346,145.98730545345416,2058.110581051395,604.289732402875
51,trust_vcg,node-002,19.977115834938147,0.0,81.81805379671273,74.72656398962395
51,contingent,node-000,0.0,0.0,0.0,0.0
51,contingent,node-001,1918.7508095047542,0.0,1962.2419655187923,521.219592078599
51,contingent,node-002,19.977115834938132,2.9386188813761933,176.845311136178,26.63615444658417
51,capped,node-000,0.0,0.0,0.0,0.0
51,capped,node-001,2108.220187433193,0.0,2151.7113434472317,710.6889700070384
51,capped,node-002,19.977115834938132,148.90528614459936,322.8119783994012,26.63615444658417
51,proper_scoring,node-000,0.0,0.0,0.0,0.0
51,proper_scoring,node-001,1770.5014214460061,106.20379110212889,2118.4457566209276,9515.01580097647
51,proper_scoring,node-002,19.977115834938147,250.81487660155955,2687.982351473589,74.72656398962395
51,audits,node-000,0.0,0.0,0.0,0.0
51,audits,node-001,1959.9707993744423,0.0,3058.110581051401,7604.289732402875
51,audits,node-002,19.977115834938147,250.81487660155955,2575.407430137777,74.72656398962395
54,greedy,node-000,0.0,0.0,0.0,0.0
54,greedy,node-001,0.0,0.0,0.0,0.0
54,greedy,node-002,0.0,0.0,0.0,0.0
54,trust_vcg,node-000,0.0,0.0,253.47826075866664,0.0
54,trust_vcg,node-001,0.0,0.0,0.0,0.0
54,trust_vcg,node-002,0.0,0.0,0.0,0.0
54,contingent,node-000,0.0,0.0,0.0,0.0
54,contingent,node-001,0.0,0.0,0.0,0.0
54,contingent,node-002,0.0,0.0,20.41898366240403,0.0
54,capped,node-000,0.0,0.0,0.0,0.0
54,capped,node-001,0.0,0.0,0.0,0.0
54,capped,node-002,0.0,0.0,170.05593481289782,0.0
54,proper_scoring,node-000,0.0,0.0,253.47826075866664,0.0
54,proper_scoring,node-001,0.0,0.0,0.0,0.0
54,proper_scoring,node-002,0.0,0.0,3373.2747262386442,0.0
54,audits,node-000,0.0,0.0,253.47826075866664,0.0
54,audits,node-001,0.0,0.0,0.0,0.0
54,audits,node-002,0.0,0.0,1604.7484616704712,0.0
55,greedy,node-000,0.0,0.0,0.0,0.0
55,greedy,node-001,0.0,0.0,0.0,0.0
55,greedy,node-002,0.0,0.0,0.0,0.0
55,trust_vcg,node-000,0.0,0.0,0.0,0.0
55,trust_vcg,node-001,0.0,0.0,617.3273008281593,0.0
55,trust_vcg,node-002,0.0,0.0,0.0,0.0
55,contingent,node-000,0.0,0.0,0.0,0.0
55,contingent,node-001,0.0,38.90146553644287,142.7825040513593,0.0
55,contingent,node-002,0.0,0.0,0.0,0.0
55,capped,node-000,0.0,0.0,0.0,0.0
55,capped,node-001,0.0,86.92424386826693,152.83229281717763,0.0
55,capped,node-002,0.0,0.0,0.0,0.0
55,proper_scoring,node-000,0.0,0.0,0.0,0.0
55,proper_scoring,node-001,212.64165898067114,238.90146553644286,1947.5857547159235,0.0
55,proper_scoring,node-002,0.0,0.0,0.0,0.0
55,audits,node-000,0.0,0.0,0.0,0.0
55,audits,node-001,200.33875198419128,236.9242438682669,1700.728771116274,0.0
55,audits,node-002,0.0,0.0,0.0,0.0
42,greedy,node-000,0.0,0.0,0.0,0.0
42,greedy,node-001,0.0,0.0,0.0,0.0
42,greedy,node-002,2858.440576169217,0.0,2858.440576169217,1905.6270507794777
42,trust_vcg,node-000,0.0,0.0,0.0,0.0
42,trust_vcg,node-001,0.0,0.0,0.0,0.0
42,trust_vcg,node-002,1843.9749413811423,0.0,2761.3098732665767,7081.977714567716
42,contingent,node-000,0.0,0.0,0.0,0.0
42,contingent,node-001,0.0,0.0,0.0,0.0
42,contingent,node-002,2326.4708363084956,0.0,2755.020150352262,1672.3200309875617
42,capped,node-000,0.0,0.0,0.0,0.0
42,capped,node-001,0.0,0.0,0.0,0.0
42,capped,node-002,2441.052315194499,0.0,2841.8045990747214,1901.4829887595704
42,proper_scoring,node-000,0.0,0.0,0.0,0.0
42,proper_scoring,node-001,0.0,0.0,0.0,0.0
42,proper_scoring,node-002,1777.7546229439522,46.51846680390008,2741.942114950558,11175.801564183663
42,audits,node-000,0.0,0.0,0.0,0.0
42,audits,node-001,0.0,0.0,0.0,0.0
42,audits,node-002,1843.9749413811423,0.0,2761.3098732665694,11081.977714567724
43,greedy,node-000,0.0,0.0,0.0,0.0
43,greedy,node-001,2921.693124043416,0.0,2921.693124043416,994.1304237932573
43,greedy,node-002,0.0,0.0,0.0,0.0
43,trust_vcg,node-000,0.0,0.0,0.0,0.0
43,trust_vcg,node-001,9379.173061251506,14496.808112328865,14637.79181533411,-14319.651965910962
43,trust_vcg,node-002,277.7518741456696,1721.7156801334077,2817.276973135629,0.0
43,contingent,node-000,0.0,0.0,0.0,0.0
43,contingent,node-001,645.6898425092584,152.80771616793993,2375.6684163432865,103.42725638149916
43,contingent,node-002,35.41975874909625,1495.0655468214795,1649.3723307421449,0.0
43,capped,node-000,0.0,0.0,0.0,0.0
43,capped,node-001,627.7307501934736,332.6984111622319,3293.454562581397,661.4320126310254
43,capped,node-002,35.41975874909625,2071.715680133407,2124.352387524992,0.0
43,proper_scoring,node-000,0.0,0.0,122.24931758425345,0.0
43,proper_scoring,node-001,129.89446089232752,2900.118038700877,4980.840220611091,4698.149313459138
43,proper_scoring,node-002,2409.1229713483335,5221.715680133408,5374.352387524993,0.0
43,audits,node-000,0.0,0.0,0.0,0.0
43,audits,node-001,0.0,0.0,3060.641729461626,3680.3480340890337
43,audits,node-002,2409.1229713483335,5221.715680133408,5221.715680133408,0.0
46,greedy,node-000,0.0,0.0,0.0,0.0
46,greedy,node-001,0.0,0.0,0.0,0.0
46,greedy,node-002,0.0,0.0,0.0,0.0
46,trust_vcg,node-000,0.0,0.0,0.0,0.0
46,trust_vcg,node-001,5163.145411425253,2569.380185036025,5708.027345636815,627.1427773295171
46,trust_vcg,node-002,0.0,0.0,115.5935824943211,0.0
46,contingent,node-000,0.0,0.0,0.0,0.0
46,contingent,node-001,321.5407934470622,718.9819785392793,849.1935237170653,177.5409838262633
46,contingent,node-002,0.0,0.0,15.791961752763015,0.0
46,capped,node-000,0.0,0.0,66.2780171215157,0.0
46,capped,node-001,363.71698238437693,718.9819785392793,905.4284423001518,177.5409838262633
46,capped,node-002,0.0,0.0,15.791961752763015,0.0
46,proper_scoring,node-000,0.0,0.0,1351.3519250007544,0.0
46,proper_scoring,node-001,6988.192860715347,2569.380185036025,7577.228458396866,627.1427773295171
46,proper_scoring,node-002,0.0,0.0,1144.831474046741,0.0
46,audits,node-000,0.0,0.0,1328.6720178442515,0.0
46,audits,node-001,6890.0594991454245,2569.380185036025,7505.052445028832,627.1427773295171
46,audits,node-002,0.0,0.0,1137.1592472095992,0.0
57,greedy,node-000,0.0,0.0,0.0,0.0
57,greedy,node-001,0.0,0.0,0.0,0.0
57,greedy,node-002,0.0,0.0,0.0,0.0
57,trust_vcg,node-000,0.0,0.0,0.0,0.0
57,trust_vcg,node-001,0.0,0.0,0.0,0.0
57,trust_vcg,node-002,0.0,0.0,0.0,0.0
57,contingent,node-000,0.0,0.0,0.0,0.0
57,contingent,node-001,0.0,0.0,0.0,0.0
57,contingent,node-002,0.0,0.0,0.0,0.0
57,capped,node-000,0.0,0.0,0.0,0.0
57,capped,node-001,0.0,0.0,0.0,0.0
57,capped,node-002,0.0,0.0,0.0,0.0
57,proper_scoring,node-000,0.0,0.0,0.0,0.0
57,proper_scoring,node-001,0.0,0.0,0.0,0.0
57,proper_scoring,node-002,0.0,0.0,0.0,0.0
57,audits,node-000,0.0,0.0,0.0,0.0
57,audits,node-001,0.0,0.0,0.0,0.0
57,audits,node-002,0.0,0.0,0.0,0.0
47,greedy,node-000,0.0,0.0,0.0,0.0
47,greedy,node-001,0.0,0.0,0.0,0.0
47,greedy,node-002,0.0,0.0,0.0,864.1288801549675
47,trust_vcg,node-000,0.0,0.0,0.0,0.0
47,trust_vcg,node-001,0.0,0.0,0.0,0.0
47,trust_vcg,node-002,0.0,234.2696743276365,1507.6686721390279,6548.9669951905
47,contingent,node-000,0.0,25.308900395304683,25.308900395304683,0.0
47,contingent,node-001,0.0,0.0,0.0,0.0
47,contingent,node-002,0.0,41.38748095403912,770.6170692974262,964.5389479188988
47,capped,node-000,0.0,134.85229394282769,262.74789335322697,0.0
47,capped,node-001,0.0,0.0,0.0,0.0
47,capped,node-002,0.0,41.38748095403912,789.9446294587258,1041.8491885640992
47,proper_scoring,node-000,0.0,284.8522939428277,3779.0324646553954,0.0
47,proper_scoring,node-001,0.0,0.0,0.0,0.0
47,proper_scoring,node-002,0.0,243.43010717755715,1516.8291049889485,8662.496321695378
47,audits,node-000,0.0,284.8522939428277,3168.139067504443,0.0
47,audits,node-001,0.0,0.0,0.0,0.0
47,audits,node-002,0.0,234.26967432763558,1507.668672139027,8548.9669951905
52,greedy,node-000,0.0,0.0,0.0,0.0
52,greedy,node-001,1418.5715974357986,0.0,1418.5715974357986,472.8571991452662
52,greedy,node-002,0.0,0.0,0.0,0.0
52,trust_vcg,node-000,0.0,0.0,73.0480880261705,0.0
52,trust_vcg,node-001,1798.709057808176,5740.238005648216,6612.20049947251,-6508.118969297158
52,trust_vcg,node-002,431.6097236854577,0.0,689.9239435351751,0.0
52,contingent,node-000,0.0,0.0,31.091206488206478,0.0
52,contingent,node-001,1152.085860408169,0.0,1174.9124731823003,229.19807489176753
52,contingent,node-002,0.0,0.0,34.90680179175007,0.0
52,capped,node-000,0.0,0.0,137.98339735069624,0.0
52,capped,node-001,1372.3502189393757,0.0,1418.5715974357986,472.8571991452662
52,capped,node-002,0.0,0.0,34.90680179175007,0.0
52,proper_scoring,node-000,0.0,0.0,1373.066885678827,0.0
52,proper_scoring,node-001,1064.6652779127926,403.39329958644703,1578.3057727687465,8375.804775305325
52,proper_scoring,node-002,431.6097236854577,0.0,1189.923943535175,0.0
52,audits,node-000,0.0,0.0,944.8416992206525,0.0
52,audits,node-001,1798.7090578081788,0.0,1798.7090578081788,7491.881030702842
52,audits,node-002,431.6097236854577,0.0,1189.923943535175,0.0
59,greedy,node-000,542.7375000883322,0.0,542.7375000883322,0.0
59,greedy,node-001,0.0,0.0,0.0,0.0
59,greedy,node-002,10.1619121283144,0.0,10.1619121283144,0.0
59,trust_vcg,node-000,183.80448879112217,0.0,183.80448879112217,0.0
59,trust_vcg,node-001,0.0,0.0,123.63687826029177,0.0
59,trust_vcg,node-002,1039.9524227132151,230.491038502293,1039.9524227132151,0.0
59,contingent,node-000,0.0,156.49190889964822,156.49190889964822,0.0
59,contingent,node-001,0.0,0.0,23.636878260291766,0.0
59,contingent,node-002,48.06088180399368,30.491038502293033,48.06088180399368,0.0
59,capped,node-000,0.0,2240.912320244279,2418.825947823827,0.0
59,capped,node-001,0.0,0.0,23.636878260291766,0.0
59,capped,node-002,48.06088180399368,30.491038502293033,154.24681684491998,0.0
59,proper_scoring,node-000,183.80448879112217,4794.784669647346,5147.463355157061,0.0
59,proper_scoring,node-001,0.0,0.0,4188.665113378639,0.0
59,proper_scoring,node-002,2099.17293959649,230.491038502293,3505.2085026112222,0.0
59,audits,node-000,183.80448879112217,1794.7846696473453,2647.4633551570605,0.0
59,audits,node-001,0.0,0.0,3434.305825475128,0.0
59,audits,node-002,2038.5155385744417,230.491038502293,2399.51277090249,0.0
58,greedy,node-000,0.0,0.0,0.0,0.0
58,greedy,node-001,70.1486862024899,0.0,70.1486862024899,0.0
58,greedy,node-002,804.2814349832906,0.0,804.2814349832906,1241.178049038189
58,trust_vcg,node-000,0.0,0.0,0.0,0.0
58,trust_vcg,node-001,1372.896652469936,238.4421132896133,5117.0905885256925,-686.9474637917069
58,trust_vcg,node-002,0.0,0.0,0.0,0.0
58,contingent,node-000,0.0,459.3129696602316,835.2891765071263,0.0
58,contingent,node-001,808.6252774354764,47.28083244320737,4295.316146390684,1250.635834779003
58,contingent,node-002,0.0,384.4754099815756,2731.8569033268,0.0
58,capped,node-000,0.0,1478.489235910224,1854.4654427571188,0.0
58,capped,node-001,816.304785398848,47.28083244320692,4775.929307679289,1854.2138170546998
58,capped,node-002,16.84906918301154,1132.2410638205363,4162.2644878561,0.0
58,proper_scoring,node-000,0.0,3178.489235910223,5647.729182715331,0.0
58,proper_scoring,node-001,0.0,608.0750857507319,3606.5959149536484,9339.841581471475
58,proper_scoring,node-002,1369.5982432746994,6681.060936927792,8196.018103329572,0.0
58,audits,node-000,0.0,3178.489235910223,5065.028727882736,0.0
58,audits,node-001,372.89665246993354,0.0,4041.966300988721,8313.052536208295
58,audits,node-002,1350.6141856754753,3793.1105273769344,7567.064123621394,0.0
61,greedy,node-000,0.0,0.0,0.0,0.0
61,greedy,node-001,0.0,0.0,0.0,0.0
61,greedy,node-002,0.0,0.0,0.0,0.0
61,trust_vcg,node-000,0.0,0.0,0.0,0.0
61,trust_vcg,node-001,0.0,0.0,0.0,0.0
61,trust_vcg,node-002,3862.1538398921807,0.0,5612.214450240979,0.0
61,contingent,node-000,0.0,0.0,0.0,0.0
61,contingent,node-001,0.0,0.0,0.0,0.0
61,contingent,node-002,0.0,0.0,0.0,0.0
61,capped,node-000,0.0,0.0,0.0,0.0
61,capped,node-001,0.0,0.0,0.0,0.0
61,capped,node-002,0.0,0.0,0.0,0.0
61,proper_scoring,node-000,0.0,0.0,0.0,0.0
61,proper_scoring,node-001,0.0,0.0,0.0,0.0
61,proper_scoring,node-002,4393.856834091703,0.0,6145.07257886583,0.0
61,audits,node-000,0.0,0.0,0.0,0.0
61,audits,node-001,0.0,0.0,0.0,0.0
61,audits,node-002,4362.153839892181,0.0,6112.214450240979,0.0
60,greedy,node-000,0.0,0.0,0.0,0.0
60,greedy,node-001,5.389167510635616,0.0,5.389167510635616,254.0605184003644
60,greedy,node-002,0.0,0.0,0.0,748.6904619487295
60,trust_vcg,node-000,0.0,0.0,0.0,0.0
60,trust_vcg,node-001,746.4770139047587,264.651945287751,3357.7626036470447,3819.766301458684
60,trust_vcg,node-002,733.1963764065821,733.1963764065821,784.8355318264354,-733.1963764065821
60,contingent,node-000,0.0,0.0,0.0,0.0
60,contingent,node-001,2056.0382969268385,20.86786503028702,2941.6424853824005,741.2143437089586
60,contingent,node-002,7.043749031747858,356.14076282837544,1871.0804237753953,-1.09815900754485
60,capped,node-000,0.0,0.0,0.0,0.0
60,capped,node-001,2201.3835111858207,20.86786503028702,3113.97852338959,913.5503817161477
60,capped,node-002,0.0,931.0947366301598,2489.3805985953086,21.32354983228693
60,proper_scoring,node-000,0.0,0.0,0.0,0.0
60,proper_scoring,node-001,660.3089949011755,366.9164110375059,3288.229049130334,9045.165797701746
60,proper_scoring,node-002,191.245153299788,7724.48094693512,9334.078967579464,280.56165688570763
60,audits,node-000,0.0,0.0,0.0,0.0
60,audits,node-001,1246.4770139047687,0.0,3857.762603647043,7819.766301458683
60,audits,node-002,16.020168161044637,3835.6146628690303,5862.416054167615,266.80362359341797
